program_name,avg_f1_score,avg_weighted_f1_score,avg_roc_score,feature_importances
decision_tree,0.6548928473928474,0.7981564300042562,0.6706871345029239,"[('STA-8', 0.28257226850644457), ('TEC-4', 0.14113327989092478), ('STA-7', 0.09698981149248789), ('COM-1', 0.08174397919176851), ('TEC-3', 0.05902690230271964), ('COM-2', 0.05523002445008529), ('STA-4', 0.04959578434915403), ('POP-1', 0.047446510213476296), ('TEC-2', 0.04704474552056827), ('STA-1', 0.035977429183608564), ('STA-2', 0.033571642777612154), ('STA-3', 0.021512331189124982), ('STA-9', 0.021358826400995824), ('STA-6', 0.018886873262304843), ('TEC-1', 0.007909591268724394)]"
random_forest,0.7109690720217035,0.8500268630703414,0.8293859649122808,"[('STA-8', 0.1297523837244204), ('TEC-4', 0.12550580621735838), ('COM-2', 0.09011310387117487), ('STA-9', 0.0863196243096787), ('STA-4', 0.0785252942574794), ('COM-1', 0.0759073154583171), ('POP-1', 0.06353520730932116), ('TEC-3', 0.06334435209921177), ('STA-3', 0.06205263870703368), ('STA-2', 0.05152742814016499), ('TEC-2', 0.048512037558426334), ('STA-1', 0.0469127716101775), ('STA-7', 0.045389686910662516), ('TEC-1', 0.020885039128571165), ('STA-6', 0.01171731069800207)]"
gradient_boosting,0.6812360118939067,0.8301601690960958,0.7965643274853802,"[('STA-8', 0.2695101839017485), ('TEC-4', 0.13925975618926048), ('COM-2', 0.09145256101757637), ('STA-4', 0.09106576098441023), ('COM-1', 0.07212593357654064), ('STA-2', 0.060717768523285386), ('TEC-3', 0.05420926649532293), ('STA-7', 0.04468543099610635), ('TEC-2', 0.04292714857796302), ('STA-9', 0.04105776585337799), ('STA-3', 0.03327746145711514), ('STA-1', 0.028615680565555073), ('POP-1', 0.02021925243735077), ('STA-6', 0.008402452961993103), ('TEC-1', 0.0024735764623939867)]"
support_vector_machine,0.45497677119628344,0.7600069319157337,0.4675438596491229
logistic_regression,0.5288438732854651,0.7837374986643837,0.8431286549707602
k_nearest_neighbors,0.5025120493541546,0.7542447560067698,0.6182383040935673
